sample_id,pdb_id,reference_structure_path,antigen_chain,antibody_chain,cdr_h3_start,cdr_h3_end,reference_complex_path,reference_complex_status,reference_complex_note
8tuz_A_C,8tuz,/home/yqsong/projects/antibody_benchmark/AntibodyBench/data/raw/raw_pdbs/8tuz.pdb,C,A,,,/home/yqsong/projects/antibody_benchmark/AntibodyBench/data/raw/reference_complexes/8tuz.pdb,ok,
8tuz_B_C,8tuz,/home/yqsong/projects/antibody_benchmark/AntibodyBench/data/raw/raw_pdbs/8tuz.pdb,C,B,,,/home/yqsong/projects/antibody_benchmark/AntibodyBench/data/raw/reference_complexes/8tuz.pdb,ok,
7xld_B_A,7xld,/home/yqsong/projects/antibody_benchmark/AntibodyBench/data/raw/raw_pdbs/7xld.pdb,A,B,,,/home/yqsong/projects/antibody_benchmark/AntibodyBench/data/raw/reference_complexes/7xld.pdb,ok,
8xnh_F_A,8xnh,/home/yqsong/projects/antibody_benchmark/AntibodyBench/data/raw/raw_pdbs/8xnh.pdb,A,F,,,/home/yqsong/projects/antibody_benchmark/AntibodyBench/data/raw/reference_complexes/8xnh.pdb,ok,
8bf4_A_B,8bf4,/home/yqsong/projects/antibody_benchmark/AntibodyBench/data/raw/raw_pdbs/8bf4.pdb,B,A,,,/home/yqsong/projects/antibody_benchmark/AntibodyBench/data/raw/reference_complexes/8bf4.pdb,ok,
8up2_A_C,8up2,/home/yqsong/projects/antibody_benchmark/AntibodyBench/data/raw/raw_pdbs/8up2.pdb,C,A,,,/home/yqsong/projects/antibody_benchmark/AntibodyBench/data/raw/reference_complexes/8up2.pdb,ok,
8up2_B_C,8up2,/home/yqsong/projects/antibody_benchmark/AntibodyBench/data/raw/raw_pdbs/8up2.pdb,C,B,,,/home/yqsong/projects/antibody_benchmark/AntibodyBench/data/raw/reference_complexes/8up2.pdb,ok,
8pyr_D_A,8pyr,/home/yqsong/projects/antibody_benchmark/AntibodyBench/data/raw/raw_pdbs/8pyr.pdb,A,D,,,/home/yqsong/projects/antibody_benchmark/AntibodyBench/data/raw/reference_complexes/8pyr.pdb,ok,
8pyr_D_C,8pyr,/home/yqsong/projects/antibody_benchmark/AntibodyBench/data/raw/raw_pdbs/8pyr.pdb,C,D,,,/home/yqsong/projects/antibody_benchmark/AntibodyBench/data/raw/reference_complexes/8pyr.pdb,ok,
8pih_B_A,8pih,/home/yqsong/projects/antibody_benchmark/AntibodyBench/data/raw/raw_pdbs/8pih.pdb,A,B,,,/home/yqsong/projects/antibody_benchmark/AntibodyBench/data/raw/reference_complexes/8pih.pdb,ok,
8fdo_A_C,8fdo,/home/yqsong/projects/antibody_benchmark/AntibodyBench/data/raw/raw_pdbs/8fdo.pdb,C,A,,,/home/yqsong/projects/antibody_benchmark/AntibodyBench/data/raw/reference_complexes/8fdo.pdb,ok,
8fdd_A_C,8fdd,/home/yqsong/projects/antibody_benchmark/AntibodyBench/data/raw/raw_pdbs/8fdd.pdb,C,A,,,/home/yqsong/projects/antibody_benchmark/AntibodyBench/data/raw/reference_complexes/8fdd.pdb,ok,
8fdd_B_C,8fdd,/home/yqsong/projects/antibody_benchmark/AntibodyBench/data/raw/raw_pdbs/8fdd.pdb,C,B,,,/home/yqsong/projects/antibody_benchmark/AntibodyBench/data/raw/reference_complexes/8fdd.pdb,ok,
7x8p_C_A,7x8p,/home/yqsong/projects/antibody_benchmark/AntibodyBench/data/raw/raw_pdbs/7x8p.pdb,A,C,,,/home/yqsong/projects/antibody_benchmark/AntibodyBench/data/raw/reference_complexes/7x8p.pdb,ok,
7x8p_B_A,7x8p,/home/yqsong/projects/antibody_benchmark/AntibodyBench/data/raw/raw_pdbs/7x8p.pdb,A,B,,,/home/yqsong/projects/antibody_benchmark/AntibodyBench/data/raw/reference_complexes/7x8p.pdb,ok,
8h63_B_A,8h63,/home/yqsong/projects/antibody_benchmark/AntibodyBench/data/raw/raw_pdbs/8h63.pdb,A,B,,,/home/yqsong/projects/antibody_benchmark/AntibodyBench/data/raw/reference_complexes/8h63.pdb,ok,
8ux6_A_F,8ux6,/home/yqsong/projects/antibody_benchmark/AntibodyBench/data/raw/raw_pdbs/8ux6.pdb,F,A,,,/home/yqsong/projects/antibody_benchmark/AntibodyBench/data/raw/reference_complexes/8ux6.pdb,ok,
8ux6_D_F,8ux6,/home/yqsong/projects/antibody_benchmark/AntibodyBench/data/raw/raw_pdbs/8ux6.pdb,F,D,,,/home/yqsong/projects/antibody_benchmark/AntibodyBench/data/raw/reference_complexes/8ux6.pdb,ok,
8w90_A_B,8w90,/home/yqsong/projects/antibody_benchmark/AntibodyBench/data/raw/raw_pdbs/8w90.pdb,B,A,,,/home/yqsong/projects/antibody_benchmark/AntibodyBench/data/raw/reference_complexes/8w90.pdb,ok,
8e0e_B_A,8e0e,/home/yqsong/projects/antibody_benchmark/AntibodyBench/data/raw/raw_pdbs/8e0e.pdb,A,B,,,/home/yqsong/projects/antibody_benchmark/AntibodyBench/data/raw/reference_complexes/8e0e.pdb,ok,
8hxq_A_B,8hxq,/home/yqsong/projects/antibody_benchmark/AntibodyBench/data/raw/raw_pdbs/8hxq.pdb,B,A,,,/home/yqsong/projects/antibody_benchmark/AntibodyBench/data/raw/reference_complexes/8hxq.pdb,ok,
8ido_D_A,8ido,/home/yqsong/projects/antibody_benchmark/AntibodyBench/data/raw/raw_pdbs/8ido.pdb,A,D,,,/home/yqsong/projects/antibody_benchmark/AntibodyBench/data/raw/reference_complexes/8ido.pdb,ok,
8be1_A_C,8be1,/home/yqsong/projects/antibody_benchmark/AntibodyBench/data/raw/raw_pdbs/8be1.pdb,C,A,,,/home/yqsong/projects/antibody_benchmark/AntibodyBench/data/raw/reference_complexes/8be1.pdb,ok,
7txw_A_C,7txw,/home/yqsong/projects/antibody_benchmark/AntibodyBench/data/raw/raw_pdbs/7txw.pdb,C,A,,,/home/yqsong/projects/antibody_benchmark/AntibodyBench/data/raw/reference_complexes/7txw.pdb,ok,
7txw_B_C,7txw,/home/yqsong/projects/antibody_benchmark/AntibodyBench/data/raw/raw_pdbs/7txw.pdb,C,B,,,/home/yqsong/projects/antibody_benchmark/AntibodyBench/data/raw/reference_complexes/7txw.pdb,ok,
8ahn_B_A,8ahn,/home/yqsong/projects/antibody_benchmark/AntibodyBench/data/raw/raw_pdbs/8ahn.pdb,A,B,,,/home/yqsong/projects/antibody_benchmark/AntibodyBench/data/raw/reference_complexes/8ahn.pdb,ok,
8ahn_C_A,8ahn,/home/yqsong/projects/antibody_benchmark/AntibodyBench/data/raw/raw_pdbs/8ahn.pdb,A,C,,,/home/yqsong/projects/antibody_benchmark/AntibodyBench/data/raw/reference_complexes/8ahn.pdb,ok,
7yv1_B_A,7yv1,/home/yqsong/projects/antibody_benchmark/AntibodyBench/data/raw/raw_pdbs/7yv1.pdb,A,B,,,/home/yqsong/projects/antibody_benchmark/AntibodyBench/data/raw/reference_complexes/7yv1.pdb,ok,
7yv1_C_A,7yv1,/home/yqsong/projects/antibody_benchmark/AntibodyBench/data/raw/raw_pdbs/7yv1.pdb,A,C,,,/home/yqsong/projects/antibody_benchmark/AntibodyBench/data/raw/reference_complexes/7yv1.pdb,ok,
8a44_C_A,8a44,/home/yqsong/projects/antibody_benchmark/AntibodyBench/data/raw/raw_pdbs/8a44.pdb,A,C,,,/home/yqsong/projects/antibody_benchmark/AntibodyBench/data/raw/reference_complexes/8a44.pdb,ok,
8a44_D_A,8a44,/home/yqsong/projects/antibody_benchmark/AntibodyBench/data/raw/raw_pdbs/8a44.pdb,A,D,,,/home/yqsong/projects/antibody_benchmark/AntibodyBench/data/raw/reference_complexes/8a44.pdb,ok,
8tmz_A_C,8tmz,/home/yqsong/projects/antibody_benchmark/AntibodyBench/data/raw/raw_pdbs/8tmz.pdb,C,A,,,/home/yqsong/projects/antibody_benchmark/AntibodyBench/data/raw/reference_complexes/8tmz.pdb,ok,
8tmz_B_C,8tmz,/home/yqsong/projects/antibody_benchmark/AntibodyBench/data/raw/raw_pdbs/8tmz.pdb,C,B,,,/home/yqsong/projects/antibody_benchmark/AntibodyBench/data/raw/reference_complexes/8tmz.pdb,ok,
8fas_A_C,8fas,/home/yqsong/projects/antibody_benchmark/AntibodyBench/data/raw/raw_pdbs/8fas.pdb,C,A,,,/home/yqsong/projects/antibody_benchmark/AntibodyBench/data/raw/reference_complexes/8fas.pdb,ok,
8fas_B_C,8fas,/home/yqsong/projects/antibody_benchmark/AntibodyBench/data/raw/raw_pdbs/8fas.pdb,C,B,,,/home/yqsong/projects/antibody_benchmark/AntibodyBench/data/raw/reference_complexes/8fas.pdb,ok,
7ua2_C_A,7ua2,/home/yqsong/projects/antibody_benchmark/AntibodyBench/data/raw/raw_pdbs/7ua2.pdb,A,C,,,/home/yqsong/projects/antibody_benchmark/AntibodyBench/data/raw/reference_complexes/7ua2.pdb,ok,
8qf4_A_B,8qf4,/home/yqsong/projects/antibody_benchmark/AntibodyBench/data/raw/raw_pdbs/8qf4.pdb,B,A,,,/home/yqsong/projects/antibody_benchmark/AntibodyBench/data/raw/reference_complexes/8qf4.pdb,ok,
8gye_E_A,8gye,/home/yqsong/projects/antibody_benchmark/AntibodyBench/data/raw/raw_pdbs/8gye.pdb,A,E,,,/home/yqsong/projects/antibody_benchmark/AntibodyBench/data/raw/reference_complexes/8gye.pdb,ok,
8gye_F_A,8gye,/home/yqsong/projects/antibody_benchmark/AntibodyBench/data/raw/raw_pdbs/8gye.pdb,A,F,,,/home/yqsong/projects/antibody_benchmark/AntibodyBench/data/raw/reference_complexes/8gye.pdb,ok,
8gy5_B_C,8gy5,/home/yqsong/projects/antibody_benchmark/AntibodyBench/data/raw/raw_pdbs/8gy5.pdb,C,B,,,/home/yqsong/projects/antibody_benchmark/AntibodyBench/data/raw/reference_complexes/8gy5.pdb,ok,
9g2g_C_A,9g2g,/home/yqsong/projects/antibody_benchmark/AntibodyBench/data/raw/raw_pdbs/9g2g.pdb,A,C,,,/home/yqsong/projects/antibody_benchmark/AntibodyBench/data/raw/reference_complexes/9g2g.pdb,ok,
8g4p_A_E,8g4p,/home/yqsong/projects/antibody_benchmark/AntibodyBench/data/raw/raw_pdbs/8g4p.pdb,E,A,,,/home/yqsong/projects/antibody_benchmark/AntibodyBench/data/raw/reference_complexes/8g4p.pdb,ok,
8g4p_B_E,8g4p,/home/yqsong/projects/antibody_benchmark/AntibodyBench/data/raw/raw_pdbs/8g4p.pdb,E,B,,,/home/yqsong/projects/antibody_benchmark/AntibodyBench/data/raw/reference_complexes/8g4p.pdb,ok,
8fbw_A_C,8fbw,/home/yqsong/projects/antibody_benchmark/AntibodyBench/data/raw/raw_pdbs/8fbw.pdb,C,A,,,/home/yqsong/projects/antibody_benchmark/AntibodyBench/data/raw/reference_complexes/8fbw.pdb,ok,
8fbw_B_C,8fbw,/home/yqsong/projects/antibody_benchmark/AntibodyBench/data/raw/raw_pdbs/8fbw.pdb,C,B,,,/home/yqsong/projects/antibody_benchmark/AntibodyBench/data/raw/reference_complexes/8fbw.pdb,ok,
8ath_E_A,8ath,/home/yqsong/projects/antibody_benchmark/AntibodyBench/data/raw/raw_pdbs/8ath.pdb,A,E,,,/home/yqsong/projects/antibody_benchmark/AntibodyBench/data/raw/reference_complexes/8ath.pdb,ok,
8ath_F_A,8ath,/home/yqsong/projects/antibody_benchmark/AntibodyBench/data/raw/raw_pdbs/8ath.pdb,A,F,,,/home/yqsong/projects/antibody_benchmark/AntibodyBench/data/raw/reference_complexes/8ath.pdb,ok,
9jbq_A_C,9jbq,/home/yqsong/projects/antibody_benchmark/AntibodyBench/data/raw/raw_pdbs/9jbq.pdb,C,A,,,/home/yqsong/projects/antibody_benchmark/AntibodyBench/data/raw/reference_complexes/9jbq.pdb,ok,
8pmz_B_A,8pmz,/home/yqsong/projects/antibody_benchmark/AntibodyBench/data/raw/raw_pdbs/8pmz.pdb,A,B,,,/home/yqsong/projects/antibody_benchmark/AntibodyBench/data/raw/reference_complexes/8pmz.pdb,ok,
7z2m_A_J,7z2m,/home/yqsong/projects/antibody_benchmark/AntibodyBench/data/raw/raw_pdbs/7z2m.pdb,J,A,,,/home/yqsong/projects/antibody_benchmark/AntibodyBench/data/raw/reference_complexes/7z2m.pdb,ok,
8f60_A_C,8f60,/home/yqsong/projects/antibody_benchmark/AntibodyBench/data/raw/raw_pdbs/8f60.pdb,C,A,,,/home/yqsong/projects/antibody_benchmark/AntibodyBench/data/raw/reference_complexes/8f60.pdb,ok,
8f60_B_C,8f60,/home/yqsong/projects/antibody_benchmark/AntibodyBench/data/raw/raw_pdbs/8f60.pdb,C,B,,,/home/yqsong/projects/antibody_benchmark/AntibodyBench/data/raw/reference_complexes/8f60.pdb,ok,
8evd_A_C,8evd,/home/yqsong/projects/antibody_benchmark/AntibodyBench/data/raw/raw_pdbs/8evd.pdb,C,A,,,/home/yqsong/projects/antibody_benchmark/AntibodyBench/data/raw/reference_complexes/8evd.pdb,ok,
7st5_B_F,7st5,/home/yqsong/projects/antibody_benchmark/AntibodyBench/data/raw/raw_pdbs/7st5.pdb,F,B,,,/home/yqsong/projects/antibody_benchmark/AntibodyBench/data/raw/reference_complexes/7st5.pdb,ok,
8byu_A_C,8byu,/home/yqsong/projects/antibody_benchmark/AntibodyBench/data/raw/raw_pdbs/8byu.pdb,C,A,,,/home/yqsong/projects/antibody_benchmark/AntibodyBench/data/raw/reference_complexes/8byu.pdb,ok,
8byu_B_C,8byu,/home/yqsong/projects/antibody_benchmark/AntibodyBench/data/raw/raw_pdbs/8byu.pdb,C,B,,,/home/yqsong/projects/antibody_benchmark/AntibodyBench/data/raw/reference_complexes/8byu.pdb,ok,
8d9z_A_C,8d9z,/home/yqsong/projects/antibody_benchmark/AntibodyBench/data/raw/raw_pdbs/8d9z.pdb,C,A,,,/home/yqsong/projects/antibody_benchmark/AntibodyBench/data/raw/reference_complexes/8d9z.pdb,ok,
8d9z_B_C,8d9z,/home/yqsong/projects/antibody_benchmark/AntibodyBench/data/raw/raw_pdbs/8d9z.pdb,C,B,,,/home/yqsong/projects/antibody_benchmark/AntibodyBench/data/raw/reference_complexes/8d9z.pdb,ok,
9fww_B_A,9fww,/home/yqsong/projects/antibody_benchmark/AntibodyBench/data/raw/raw_pdbs/9fww.pdb,A,B,,,/home/yqsong/projects/antibody_benchmark/AntibodyBench/data/raw/reference_complexes/9fww.pdb,ok,
8vzo_B_A,8vzo,/home/yqsong/projects/antibody_benchmark/AntibodyBench/data/raw/raw_pdbs/8vzo.pdb,A,B,,,/home/yqsong/projects/antibody_benchmark/AntibodyBench/data/raw/reference_complexes/8vzo.pdb,ok,
8vzo_C_A,8vzo,/home/yqsong/projects/antibody_benchmark/AntibodyBench/data/raw/raw_pdbs/8vzo.pdb,A,C,,,/home/yqsong/projects/antibody_benchmark/AntibodyBench/data/raw/reference_complexes/8vzo.pdb,ok,
8the_B_A,8the,/home/yqsong/projects/antibody_benchmark/AntibodyBench/data/raw/raw_pdbs/8the.pdb,A,B,,,/home/yqsong/projects/antibody_benchmark/AntibodyBench/data/raw/reference_complexes/8the.cif,ok,
8sgn_B_C,8sgn,/home/yqsong/projects/antibody_benchmark/AntibodyBench/data/raw/raw_pdbs/8sgn.pdb,C,B,,,/home/yqsong/projects/antibody_benchmark/AntibodyBench/data/raw/reference_complexes/8sgn.pdb,ok,
8sgn_A_C,8sgn,/home/yqsong/projects/antibody_benchmark/AntibodyBench/data/raw/raw_pdbs/8sgn.pdb,C,A,,,/home/yqsong/projects/antibody_benchmark/AntibodyBench/data/raw/reference_complexes/8sgn.pdb,ok,
8jyr_B_A,8jyr,/home/yqsong/projects/antibody_benchmark/AntibodyBench/data/raw/raw_pdbs/8jyr.pdb,A,B,,,/home/yqsong/projects/antibody_benchmark/AntibodyBench/data/raw/reference_complexes/8jyr.pdb,ok,
8jyr_C_A,8jyr,/home/yqsong/projects/antibody_benchmark/AntibodyBench/data/raw/raw_pdbs/8jyr.pdb,A,C,,,/home/yqsong/projects/antibody_benchmark/AntibodyBench/data/raw/reference_complexes/8jyr.pdb,ok,
8jeo_B_A,8jeo,/home/yqsong/projects/antibody_benchmark/AntibodyBench/data/raw/raw_pdbs/8jeo.pdb,A,B,,,/home/yqsong/projects/antibody_benchmark/AntibodyBench/data/raw/reference_complexes/8jeo.pdb,ok,
8jeo_C_A,8jeo,/home/yqsong/projects/antibody_benchmark/AntibodyBench/data/raw/raw_pdbs/8jeo.pdb,A,C,,,/home/yqsong/projects/antibody_benchmark/AntibodyBench/data/raw/reference_complexes/8jeo.pdb,ok,
7yxu_B_A,7yxu,/home/yqsong/projects/antibody_benchmark/AntibodyBench/data/raw/raw_pdbs/7yxu.pdb,A,B,,,/home/yqsong/projects/antibody_benchmark/AntibodyBench/data/raw/reference_complexes/7yxu.pdb,ok,
7yxu_C_A,7yxu,/home/yqsong/projects/antibody_benchmark/AntibodyBench/data/raw/raw_pdbs/7yxu.pdb,A,C,,,/home/yqsong/projects/antibody_benchmark/AntibodyBench/data/raw/reference_complexes/7yxu.pdb,ok,
8yxi_A_C,8yxi,/home/yqsong/projects/antibody_benchmark/AntibodyBench/data/raw/raw_pdbs/8yxi.pdb,C,A,,,/home/yqsong/projects/antibody_benchmark/AntibodyBench/data/raw/reference_complexes/8yxi.pdb,ok,
8yxi_B_C,8yxi,/home/yqsong/projects/antibody_benchmark/AntibodyBench/data/raw/raw_pdbs/8yxi.pdb,C,B,,,/home/yqsong/projects/antibody_benchmark/AntibodyBench/data/raw/reference_complexes/8yxi.pdb,ok,
8fxv_B_A,8fxv,/home/yqsong/projects/antibody_benchmark/AntibodyBench/data/raw/raw_pdbs/8fxv.pdb,A,B,,,/home/yqsong/projects/antibody_benchmark/AntibodyBench/data/raw/reference_complexes/8fxv.pdb,ok,
8vvl_B_A,8vvl,/home/yqsong/projects/antibody_benchmark/AntibodyBench/data/raw/raw_pdbs/8vvl.pdb,A,B,,,/home/yqsong/projects/antibody_benchmark/AntibodyBench/data/raw/reference_complexes/8vvl.pdb,ok,
8vvl_C_A,8vvl,/home/yqsong/projects/antibody_benchmark/AntibodyBench/data/raw/raw_pdbs/8vvl.pdb,A,C,,,/home/yqsong/projects/antibody_benchmark/AntibodyBench/data/raw/reference_complexes/8vvl.pdb,ok,
8vui_B_C,8vui,/home/yqsong/projects/antibody_benchmark/AntibodyBench/data/raw/raw_pdbs/8vui.pdb,C,B,,,/home/yqsong/projects/antibody_benchmark/AntibodyBench/data/raw/reference_complexes/8vui.pdb,ok,
8be3_A_B,8be3,/home/yqsong/projects/antibody_benchmark/AntibodyBench/data/raw/raw_pdbs/8be3.pdb,B,A,,,/home/yqsong/projects/antibody_benchmark/AntibodyBench/data/raw/reference_complexes/8be3.cif,ok,
8be2_B_A,8be2,/home/yqsong/projects/antibody_benchmark/AntibodyBench/data/raw/raw_pdbs/8be2.pdb,A,B,,,/home/yqsong/projects/antibody_benchmark/AntibodyBench/data/raw/reference_complexes/8be2.pdb,ok,
9en2_C_A,9en2,/home/yqsong/projects/antibody_benchmark/AntibodyBench/data/raw/raw_pdbs/9en2.pdb,A,C,,,/home/yqsong/projects/antibody_benchmark/AntibodyBench/data/raw/reference_complexes/9en2.pdb,ok,
8en5_C_A,8en5,/home/yqsong/projects/antibody_benchmark/AntibodyBench/data/raw/raw_pdbs/8en5.pdb,A,C,,,/home/yqsong/projects/antibody_benchmark/AntibodyBench/data/raw/reference_complexes/8en5.cif,ok,
9au1_C_E,9au1,/home/yqsong/projects/antibody_benchmark/AntibodyBench/data/raw/raw_pdbs/9au1.pdb,E,C,,,/home/yqsong/projects/antibody_benchmark/AntibodyBench/data/raw/reference_complexes/9au1.pdb,ok,
8weo_B_A,8weo,/home/yqsong/projects/antibody_benchmark/AntibodyBench/data/raw/raw_pdbs/8weo.pdb,A,B,,,/home/yqsong/projects/antibody_benchmark/AntibodyBench/data/raw/reference_complexes/8weo.pdb,ok,
8q7o_A_C,8q7o,/home/yqsong/projects/antibody_benchmark/AntibodyBench/data/raw/raw_pdbs/8q7o.pdb,C,A,,,/home/yqsong/projects/antibody_benchmark/AntibodyBench/data/raw/reference_complexes/8q7o.pdb,ok,
7ucx_B_A,7ucx,/home/yqsong/projects/antibody_benchmark/AntibodyBench/data/raw/raw_pdbs/7ucx.pdb,A,B,,,/home/yqsong/projects/antibody_benchmark/AntibodyBench/data/raw/reference_complexes/7ucx.pdb,ok,
7ucx_C_A,7ucx,/home/yqsong/projects/antibody_benchmark/AntibodyBench/data/raw/raw_pdbs/7ucx.pdb,A,C,,,/home/yqsong/projects/antibody_benchmark/AntibodyBench/data/raw/reference_complexes/7ucx.pdb,ok,
8j7t_B_A,8j7t,/home/yqsong/projects/antibody_benchmark/AntibodyBench/data/raw/raw_pdbs/8j7t.pdb,A,B,,,/home/yqsong/projects/antibody_benchmark/AntibodyBench/data/raw/reference_complexes/8j7t.pdb,ok,
8j7t_C_A,8j7t,/home/yqsong/projects/antibody_benchmark/AntibodyBench/data/raw/raw_pdbs/8j7t.pdb,A,C,,,/home/yqsong/projects/antibody_benchmark/AntibodyBench/data/raw/reference_complexes/8j7t.pdb,ok,
8vyl_F_A,8vyl,/home/yqsong/projects/antibody_benchmark/AntibodyBench/data/raw/raw_pdbs/8vyl.pdb,A,F,,,/home/yqsong/projects/antibody_benchmark/AntibodyBench/data/raw/reference_complexes/8vyl.pdb,ok,
8vyl_F_C,8vyl,/home/yqsong/projects/antibody_benchmark/AntibodyBench/data/raw/raw_pdbs/8vyl.pdb,C,F,,,/home/yqsong/projects/antibody_benchmark/AntibodyBench/data/raw/reference_complexes/8vyl.pdb,ok,
7zau_B_A,7zau,/home/yqsong/projects/antibody_benchmark/AntibodyBench/data/raw/raw_pdbs/7zau.pdb,A,B,,,/home/yqsong/projects/antibody_benchmark/AntibodyBench/data/raw/reference_complexes/7zau.pdb,ok,
8c3l_B_A,8c3l,/home/yqsong/projects/antibody_benchmark/AntibodyBench/data/raw/raw_pdbs/8c3l.pdb,A,B,,,/home/yqsong/projects/antibody_benchmark/AntibodyBench/data/raw/reference_complexes/8c3l.pdb,ok,
8sfz_A_D,8sfz,/home/yqsong/projects/antibody_benchmark/AntibodyBench/data/raw/raw_pdbs/8sfz.pdb,D,A,,,/home/yqsong/projects/antibody_benchmark/AntibodyBench/data/raw/reference_complexes/8sfz.pdb,ok,
8slb_B_A,8slb,/home/yqsong/projects/antibody_benchmark/AntibodyBench/data/raw/raw_pdbs/8slb.pdb,A,B,,,/home/yqsong/projects/antibody_benchmark/AntibodyBench/data/raw/reference_complexes/8slb.pdb,ok,
8slb_C_A,8slb,/home/yqsong/projects/antibody_benchmark/AntibodyBench/data/raw/raw_pdbs/8slb.pdb,A,C,,,/home/yqsong/projects/antibody_benchmark/AntibodyBench/data/raw/reference_complexes/8slb.pdb,ok,
8av2_C_A,8av2,/home/yqsong/projects/antibody_benchmark/AntibodyBench/data/raw/raw_pdbs/8av2.pdb,A,C,,,/home/yqsong/projects/antibody_benchmark/AntibodyBench/data/raw/reference_complexes/8av2.pdb,ok,
8oxw_B_A,8oxw,/home/yqsong/projects/antibody_benchmark/AntibodyBench/data/raw/raw_pdbs/8oxw.pdb,A,B,,,/home/yqsong/projects/antibody_benchmark/AntibodyBench/data/raw/reference_complexes/8oxw.pdb,ok,
8oxw_C_A,8oxw,/home/yqsong/projects/antibody_benchmark/AntibodyBench/data/raw/raw_pdbs/8oxw.pdb,A,C,,,/home/yqsong/projects/antibody_benchmark/AntibodyBench/data/raw/reference_complexes/8oxw.pdb,ok,
8oxx_B_A,8oxx,/home/yqsong/projects/antibody_benchmark/AntibodyBench/data/raw/raw_pdbs/8oxx.pdb,A,B,,,/home/yqsong/projects/antibody_benchmark/AntibodyBench/data/raw/reference_complexes/8oxx.pdb,ok,
8oxx_C_A,8oxx,/home/yqsong/projects/antibody_benchmark/AntibodyBench/data/raw/raw_pdbs/8oxx.pdb,A,C,,,/home/yqsong/projects/antibody_benchmark/AntibodyBench/data/raw/reference_complexes/8oxx.pdb,ok,
8q6r_A_D,8q6r,/home/yqsong/projects/antibody_benchmark/AntibodyBench/data/raw/raw_pdbs/8q6r.pdb,D,A,,,/home/yqsong/projects/antibody_benchmark/AntibodyBench/data/raw/reference_complexes/8q6r.pdb,ok,
8udz_C_A,8udz,/home/yqsong/projects/antibody_benchmark/AntibodyBench/data/raw/raw_pdbs/8udz.pdb,A,C,,,/home/yqsong/projects/antibody_benchmark/AntibodyBench/data/raw/reference_complexes/8udz.pdb,ok,
8udz_D_A,8udz,/home/yqsong/projects/antibody_benchmark/AntibodyBench/data/raw/raw_pdbs/8udz.pdb,A,D,,,/home/yqsong/projects/antibody_benchmark/AntibodyBench/data/raw/reference_complexes/8udz.pdb,ok,
8w84_A_C,8w84,/home/yqsong/projects/antibody_benchmark/AntibodyBench/data/raw/raw_pdbs/8w84.pdb,C,A,,,/home/yqsong/projects/antibody_benchmark/AntibodyBench/data/raw/reference_complexes/8w84.pdb,ok,
8oud_D_A,8oud,/home/yqsong/projects/antibody_benchmark/AntibodyBench/data/raw/raw_pdbs/8oud.pdb,A,D,,,/home/yqsong/projects/antibody_benchmark/AntibodyBench/data/raw/reference_complexes/8oud.pdb,ok,
8zp2_B_A,8zp2,/home/yqsong/projects/antibody_benchmark/AntibodyBench/data/raw/raw_pdbs/8zp2.pdb,A,B,,,/home/yqsong/projects/antibody_benchmark/AntibodyBench/data/raw/reference_complexes/8zp2.cif,ok,
8s0l_B_A,8s0l,/home/yqsong/projects/antibody_benchmark/AntibodyBench/data/raw/raw_pdbs/8s0l.pdb,A,B,,,/home/yqsong/projects/antibody_benchmark/AntibodyBench/data/raw/reference_complexes/8s0l.pdb,ok,
8a67_D_A,8a67,/home/yqsong/projects/antibody_benchmark/AntibodyBench/data/raw/raw_pdbs/8a67.pdb,A,D,,,/home/yqsong/projects/antibody_benchmark/AntibodyBench/data/raw/reference_complexes/8a67.pdb,ok,
7yds_C_A,7yds,/home/yqsong/projects/antibody_benchmark/AntibodyBench/data/raw/raw_pdbs/7yds.pdb,A,C,,,/home/yqsong/projects/antibody_benchmark/AntibodyBench/data/raw/reference_complexes/7yds.pdb,ok,
8rp8_A_C,8rp8,/home/yqsong/projects/antibody_benchmark/AntibodyBench/data/raw/raw_pdbs/8rp8.pdb,C,A,,,/home/yqsong/projects/antibody_benchmark/AntibodyBench/data/raw/reference_complexes/8rp8.pdb,ok,
8rp8_B_C,8rp8,/home/yqsong/projects/antibody_benchmark/AntibodyBench/data/raw/raw_pdbs/8rp8.pdb,C,B,,,/home/yqsong/projects/antibody_benchmark/AntibodyBench/data/raw/reference_complexes/8rp8.pdb,ok,
8b1a_B_A,8b1a,/home/yqsong/projects/antibody_benchmark/AntibodyBench/data/raw/raw_pdbs/8b1a.pdb,A,B,,,/home/yqsong/projects/antibody_benchmark/AntibodyBench/data/raw/reference_complexes/8b1a.pdb,ok,
8z8v_B_A,8z8v,/home/yqsong/projects/antibody_benchmark/AntibodyBench/data/raw/raw_pdbs/8z8v.pdb,A,B,,,/home/yqsong/projects/antibody_benchmark/AntibodyBench/data/raw/reference_complexes/8z8v.pdb,ok,
8dtn_A_B,8dtn,/home/yqsong/projects/antibody_benchmark/AntibodyBench/data/raw/raw_pdbs/8dtn.pdb,B,A,,,/home/yqsong/projects/antibody_benchmark/AntibodyBench/data/raw/reference_complexes/8dtn.pdb,ok,
8fym_A_C,8fym,/home/yqsong/projects/antibody_benchmark/AntibodyBench/data/raw/raw_pdbs/8fym.pdb,C,A,,,/home/yqsong/projects/antibody_benchmark/AntibodyBench/data/raw/reference_complexes/8fym.pdb,ok,
8r4u_B_A,8r4u,/home/yqsong/projects/antibody_benchmark/AntibodyBench/data/raw/raw_pdbs/8r4u.pdb,A,B,,,/home/yqsong/projects/antibody_benchmark/AntibodyBench/data/raw/reference_complexes/8r4u.pdb,ok,
8trs_A_C,8trs,/home/yqsong/projects/antibody_benchmark/AntibodyBench/data/raw/raw_pdbs/8trs.pdb,C,A,,,/home/yqsong/projects/antibody_benchmark/AntibodyBench/data/raw/reference_complexes/8trs.pdb,ok,
8trs_B_C,8trs,/home/yqsong/projects/antibody_benchmark/AntibodyBench/data/raw/raw_pdbs/8trs.pdb,C,B,,,/home/yqsong/projects/antibody_benchmark/AntibodyBench/data/raw/reference_complexes/8trs.pdb,ok,
7z1x_B_A,7z1x,/home/yqsong/projects/antibody_benchmark/AntibodyBench/data/raw/raw_pdbs/7z1x.pdb,A,B,,,/home/yqsong/projects/antibody_benchmark/AntibodyBench/data/raw/reference_complexes/7z1x.pdb,ok,
8gho_A_C,8gho,/home/yqsong/projects/antibody_benchmark/AntibodyBench/data/raw/raw_pdbs/8gho.pdb,C,A,,,/home/yqsong/projects/antibody_benchmark/AntibodyBench/data/raw/reference_complexes/8gho.pdb,ok,
7uvs_A_C,7uvs,/home/yqsong/projects/antibody_benchmark/AntibodyBench/data/raw/raw_pdbs/7uvs.pdb,C,A,,,/home/yqsong/projects/antibody_benchmark/AntibodyBench/data/raw/reference_complexes/7uvs.pdb,ok,
7uvs_B_C,7uvs,/home/yqsong/projects/antibody_benchmark/AntibodyBench/data/raw/raw_pdbs/7uvs.pdb,C,B,,,/home/yqsong/projects/antibody_benchmark/AntibodyBench/data/raw/reference_complexes/7uvs.pdb,ok,
8urf_A_C,8urf,/home/yqsong/projects/antibody_benchmark/AntibodyBench/data/raw/raw_pdbs/8urf.pdb,C,A,,,/home/yqsong/projects/antibody_benchmark/AntibodyBench/data/raw/reference_complexes/8urf.pdb,ok,
8urf_B_C,8urf,/home/yqsong/projects/antibody_benchmark/AntibodyBench/data/raw/raw_pdbs/8urf.pdb,C,B,,,/home/yqsong/projects/antibody_benchmark/AntibodyBench/data/raw/reference_complexes/8urf.pdb,ok,
8dn7_C_A,8dn7,/home/yqsong/projects/antibody_benchmark/AntibodyBench/data/raw/raw_pdbs/8dn7.pdb,A,C,,,/home/yqsong/projects/antibody_benchmark/AntibodyBench/data/raw/reference_complexes/8dn7.pdb,ok,
8dn7_F_A,8dn7,/home/yqsong/projects/antibody_benchmark/AntibodyBench/data/raw/raw_pdbs/8dn7.pdb,A,F,,,/home/yqsong/projects/antibody_benchmark/AntibodyBench/data/raw/reference_complexes/8dn7.pdb,ok,
8aon_C_A,8aon,/home/yqsong/projects/antibody_benchmark/AntibodyBench/data/raw/raw_pdbs/8aon.pdb,A,C,,,/home/yqsong/projects/antibody_benchmark/AntibodyBench/data/raw/reference_complexes/8aon.cif,ok,downloaded_cif
8aok_B_A,8aok,/home/yqsong/projects/antibody_benchmark/AntibodyBench/data/raw/raw_pdbs/8aok.pdb,A,B,,,/home/yqsong/projects/antibody_benchmark/AntibodyBench/data/raw/reference_complexes/8aok.pdb,ok,
8aom_B_A,8aom,/home/yqsong/projects/antibody_benchmark/AntibodyBench/data/raw/raw_pdbs/8aom.pdb,A,B,,,/home/yqsong/projects/antibody_benchmark/AntibodyBench/data/raw/reference_complexes/8aom.pdb,ok,
8im0_B-2_A,8im0,/home/yqsong/projects/antibody_benchmark/AntibodyBench/data/raw/raw_pdbs/8im0.pdb,A,B-2,,,/home/yqsong/projects/antibody_benchmark/AntibodyBench/data/raw/reference_complexes/8im0.pdb,ok,
8opr_B_A,8opr,/home/yqsong/projects/antibody_benchmark/AntibodyBench/data/raw/raw_pdbs/8opr.pdb,A,B,,,/home/yqsong/projects/antibody_benchmark/AntibodyBench/data/raw/reference_complexes/8opr.pdb,ok,
8h3x_B_A,8h3x,/home/yqsong/projects/antibody_benchmark/AntibodyBench/data/raw/raw_pdbs/8h3x.pdb,A,B,,,/home/yqsong/projects/antibody_benchmark/AntibodyBench/data/raw/reference_complexes/8h3x.pdb,ok,
8oni_A_F,8oni,/home/yqsong/projects/antibody_benchmark/AntibodyBench/data/raw/raw_pdbs/8oni.pdb,F,A,,,/home/yqsong/projects/antibody_benchmark/AntibodyBench/data/raw/reference_complexes/8oni.pdb,ok,
8oni_B_F,8oni,/home/yqsong/projects/antibody_benchmark/AntibodyBench/data/raw/raw_pdbs/8oni.pdb,F,B,,,/home/yqsong/projects/antibody_benchmark/AntibodyBench/data/raw/reference_complexes/8oni.pdb,ok,
8oni_B_E,8oni,/home/yqsong/projects/antibody_benchmark/AntibodyBench/data/raw/raw_pdbs/8oni.pdb,E,B,,,/home/yqsong/projects/antibody_benchmark/AntibodyBench/data/raw/reference_complexes/8oni.pdb,ok,
8oni_A_E,8oni,/home/yqsong/projects/antibody_benchmark/AntibodyBench/data/raw/raw_pdbs/8oni.pdb,E,A,,,/home/yqsong/projects/antibody_benchmark/AntibodyBench/data/raw/reference_complexes/8oni.pdb,ok,
8ts0_A_C,8ts0,/home/yqsong/projects/antibody_benchmark/AntibodyBench/data/raw/raw_pdbs/8ts0.pdb,C,A,,,/home/yqsong/projects/antibody_benchmark/AntibodyBench/data/raw/reference_complexes/8ts0.pdb,ok,
8ts0_B_C,8ts0,/home/yqsong/projects/antibody_benchmark/AntibodyBench/data/raw/raw_pdbs/8ts0.pdb,C,B,,,/home/yqsong/projects/antibody_benchmark/AntibodyBench/data/raw/reference_complexes/8ts0.pdb,ok,
8b7h_A_C,8b7h,/home/yqsong/projects/antibody_benchmark/AntibodyBench/data/raw/raw_pdbs/8b7h.pdb,C,A,,,/home/yqsong/projects/antibody_benchmark/AntibodyBench/data/raw/reference_complexes/8b7h.pdb,ok,
8b7h_B_C,8b7h,/home/yqsong/projects/antibody_benchmark/AntibodyBench/data/raw/raw_pdbs/8b7h.pdb,C,B,,,/home/yqsong/projects/antibody_benchmark/AntibodyBench/data/raw/reference_complexes/8b7h.pdb,ok,
8acf_B_A,8acf,/home/yqsong/projects/antibody_benchmark/AntibodyBench/data/raw/raw_pdbs/8acf.pdb,A,B,,,/home/yqsong/projects/antibody_benchmark/AntibodyBench/data/raw/reference_complexes/8acf.pdb,ok,
8acf_D_A,8acf,/home/yqsong/projects/antibody_benchmark/AntibodyBench/data/raw/raw_pdbs/8acf.pdb,A,D,,,/home/yqsong/projects/antibody_benchmark/AntibodyBench/data/raw/reference_complexes/8acf.pdb,ok,
8t59_A_E,8t59,/home/yqsong/projects/antibody_benchmark/AntibodyBench/data/raw/raw_pdbs/8t59.pdb,E,A,,,/home/yqsong/projects/antibody_benchmark/AntibodyBench/data/raw/reference_complexes/8t59.pdb,ok,
8t59_B_E,8t59,/home/yqsong/projects/antibody_benchmark/AntibodyBench/data/raw/raw_pdbs/8t59.pdb,E,B,,,/home/yqsong/projects/antibody_benchmark/AntibodyBench/data/raw/reference_complexes/8t59.pdb,ok,
8v52_E_A,8v52,/home/yqsong/projects/antibody_benchmark/AntibodyBench/data/raw/raw_pdbs/8v52.pdb,A,E,,,/home/yqsong/projects/antibody_benchmark/AntibodyBench/data/raw/reference_complexes/8v52.pdb,ok,
8v52_F_A,8v52,/home/yqsong/projects/antibody_benchmark/AntibodyBench/data/raw/raw_pdbs/8v52.pdb,A,F,,,/home/yqsong/projects/antibody_benchmark/AntibodyBench/data/raw/reference_complexes/8v52.pdb,ok,
8che_A_E,8che,/home/yqsong/projects/antibody_benchmark/AntibodyBench/data/raw/raw_pdbs/8che.pdb,E,A,,,/home/yqsong/projects/antibody_benchmark/AntibodyBench/data/raw/reference_complexes/8che.pdb,ok,
8che_B_E,8che,/home/yqsong/projects/antibody_benchmark/AntibodyBench/data/raw/raw_pdbs/8che.pdb,E,B,,,/home/yqsong/projects/antibody_benchmark/AntibodyBench/data/raw/reference_complexes/8che.pdb,ok,
8w84_A_D,8w84,/home/yqsong/projects/antibody_benchmark/AntibodyBench/data/raw/raw_pdbs/8w84.pdb,D,A,,,/home/yqsong/projects/antibody_benchmark/AntibodyBench/data/raw/reference_complexes/8w84.pdb,ok,
8w84_B_C,8w84,/home/yqsong/projects/antibody_benchmark/AntibodyBench/data/raw/raw_pdbs/8w84.pdb,C,B,,,/home/yqsong/projects/antibody_benchmark/AntibodyBench/data/raw/reference_complexes/8w84.pdb,ok,
8w84_B_D,8w84,/home/yqsong/projects/antibody_benchmark/AntibodyBench/data/raw/raw_pdbs/8w84.pdb,D,B,,,/home/yqsong/projects/antibody_benchmark/AntibodyBench/data/raw/reference_complexes/8w84.pdb,ok,
8uky_A_C,8uky,/home/yqsong/projects/antibody_benchmark/AntibodyBench/data/raw/raw_pdbs/8uky.pdb,C,A,,,/home/yqsong/projects/antibody_benchmark/AntibodyBench/data/raw/reference_complexes/8uky.pdb,ok,
8uky_B_C,8uky,/home/yqsong/projects/antibody_benchmark/AntibodyBench/data/raw/raw_pdbs/8uky.pdb,C,B,,,/home/yqsong/projects/antibody_benchmark/AntibodyBench/data/raw/reference_complexes/8uky.pdb,ok,
8dcm_A_C,8dcm,/home/yqsong/projects/antibody_benchmark/AntibodyBench/data/raw/raw_pdbs/8dcm.pdb,C,A,,,/home/yqsong/projects/antibody_benchmark/AntibodyBench/data/raw/reference_complexes/8dcm.cif,ok,downloaded_cif
8dcm_B_C,8dcm,/home/yqsong/projects/antibody_benchmark/AntibodyBench/data/raw/raw_pdbs/8dcm.pdb,C,B,,,/home/yqsong/projects/antibody_benchmark/AntibodyBench/data/raw/reference_complexes/8dcm.cif,ok,
8pn0_A_E,8pn0,/home/yqsong/projects/antibody_benchmark/AntibodyBench/data/raw/raw_pdbs/8pn0.pdb,E,A,,,/home/yqsong/projects/antibody_benchmark/AntibodyBench/data/raw/reference_complexes/8pn0.cif,ok,downloaded_cif
8pn0_B_E,8pn0,/home/yqsong/projects/antibody_benchmark/AntibodyBench/data/raw/raw_pdbs/8pn0.pdb,E,B,,,/home/yqsong/projects/antibody_benchmark/AntibodyBench/data/raw/reference_complexes/8pn0.cif,ok,
8tft_A_C,8tft,/home/yqsong/projects/antibody_benchmark/AntibodyBench/data/raw/raw_pdbs/8tft.pdb,C,A,,,/home/yqsong/projects/antibody_benchmark/AntibodyBench/data/raw/reference_complexes/8tft.pdb,ok,
8tft_B_C,8tft,/home/yqsong/projects/antibody_benchmark/AntibodyBench/data/raw/raw_pdbs/8tft.pdb,C,B,,,/home/yqsong/projects/antibody_benchmark/AntibodyBench/data/raw/reference_complexes/8tft.pdb,ok,
8qz3_C_A,8qz3,/home/yqsong/projects/antibody_benchmark/AntibodyBench/data/raw/raw_pdbs/8qz3.pdb,A,C,,,/home/yqsong/projects/antibody_benchmark/AntibodyBench/data/raw/reference_complexes/8qz3.pdb,ok,
8duz_A_F,8duz,/home/yqsong/projects/antibody_benchmark/AntibodyBench/data/raw/raw_pdbs/8duz.pdb,F,A,,,/home/yqsong/projects/antibody_benchmark/AntibodyBench/data/raw/reference_complexes/8duz.pdb,ok,
7zoz_B_A,7zoz,/home/yqsong/projects/antibody_benchmark/AntibodyBench/data/raw/raw_pdbs/7zoz.pdb,A,B,,,/home/yqsong/projects/antibody_benchmark/AntibodyBench/data/raw/reference_complexes/7zoz.pdb,ok,
7zoz_C_A,7zoz,/home/yqsong/projects/antibody_benchmark/AntibodyBench/data/raw/raw_pdbs/7zoz.pdb,A,C,,,/home/yqsong/projects/antibody_benchmark/AntibodyBench/data/raw/reference_complexes/7zoz.pdb,ok,
8f5i_E_A,8f5i,/home/yqsong/projects/antibody_benchmark/AntibodyBench/data/raw/raw_pdbs/8f5i.pdb,A,E,,,/home/yqsong/projects/antibody_benchmark/AntibodyBench/data/raw/reference_complexes/8f5i.pdb,ok,
8f5i_F_A,8f5i,/home/yqsong/projects/antibody_benchmark/AntibodyBench/data/raw/raw_pdbs/8f5i.pdb,A,F,,,/home/yqsong/projects/antibody_benchmark/AntibodyBench/data/raw/reference_complexes/8f5i.pdb,ok,
8f5n_B_A,8f5n,/home/yqsong/projects/antibody_benchmark/AntibodyBench/data/raw/raw_pdbs/8f5n.pdb,A,B,,,/home/yqsong/projects/antibody_benchmark/AntibodyBench/data/raw/reference_complexes/8f5n.pdb,ok,
8f5n_C_A,8f5n,/home/yqsong/projects/antibody_benchmark/AntibodyBench/data/raw/raw_pdbs/8f5n.pdb,A,C,,,/home/yqsong/projects/antibody_benchmark/AntibodyBench/data/raw/reference_complexes/8f5n.pdb,ok,
8ivx_B_A,8ivx,/home/yqsong/projects/antibody_benchmark/AntibodyBench/data/raw/raw_pdbs/8ivx.pdb,A,B,,,/home/yqsong/projects/antibody_benchmark/AntibodyBench/data/raw/reference_complexes/8ivx.cif,ok,downloaded_cif
8ivx_C_A,8ivx,/home/yqsong/projects/antibody_benchmark/AntibodyBench/data/raw/raw_pdbs/8ivx.pdb,A,C,,,/home/yqsong/projects/antibody_benchmark/AntibodyBench/data/raw/reference_complexes/8ivx.cif,ok,
8et0_C_A,8et0,/home/yqsong/projects/antibody_benchmark/AntibodyBench/data/raw/raw_pdbs/8et0.pdb,A,C,,,/home/yqsong/projects/antibody_benchmark/AntibodyBench/data/raw/reference_complexes/8et0.pdb,ok,
8q3j_B_A,8q3j,/home/yqsong/projects/antibody_benchmark/AntibodyBench/data/raw/raw_pdbs/8q3j.pdb,A,B,,,/home/yqsong/projects/antibody_benchmark/AntibodyBench/data/raw/reference_complexes/8q3j.pdb,ok,
8q3j_C_A,8q3j,/home/yqsong/projects/antibody_benchmark/AntibodyBench/data/raw/raw_pdbs/8q3j.pdb,A,C,,,/home/yqsong/projects/antibody_benchmark/AntibodyBench/data/raw/reference_complexes/8q3j.pdb,ok,
8c5h_B_A,8c5h,/home/yqsong/projects/antibody_benchmark/AntibodyBench/data/raw/raw_pdbs/8c5h.pdb,A,B,,,/home/yqsong/projects/antibody_benchmark/AntibodyBench/data/raw/reference_complexes/8c5h.pdb,ok,
